{
    "2017 - 53": "CHAMBLEE, Ga. \u2014 Not many notice when the SUVs arrive.",
    "2017 - 65": "Update: Read about our event in West Frankfort, Ill. on Dec. 14. ",
    "2017 - 79": "For much of Silicon Valley, 2017 felt like a nonstop parade of scandal and sin.",
    "2017 - 81": "Turning Point: Elections in Europe give wind to right-wing nationalist movements.",
    "2017 - 104": "Turning Point: Prototypes for a wall along the border between Mexico and the United States are unveiled.",
    "2017 - 109": "RICHMOND, British Columbia \u2014 What sort of karaoke joint offers 18 kinds of bubble tea but only one Abba song?",
    "2017 - 110": "ABOARD A P-3 ORION, over the Pacific Ocean \u2014 The Department of Homeland Security is increasingly going global.",
    "2017 - 114": "CARACAS, Venezuela \u2014 Mar\u00eda Abad Cruz, 90, sits on the cusp of her fourth migration, and it may be the hardest one.",
    "2017 - 118": "ANSAN, South Korea \u2014 Few North Koreans have sought South Korean citizenship as long and as doggedly as Kim Seok-cheol.",
    "2017 - 132": "This is an article from Turning Points, a magazine that explores what critical moments from this year might mean for the year ahead.",
    "2017 - 142": "As ICE arrests have gone up, deportations have gone down. Why? It\u2019s partly because of the complex realities of a tough policy put in practice.",
    "2017 - 146": "WASHINGTON \u2014 Late to his own meeting and waving a sheet of numbers, President Trump stormed into the Oval Office one day in June, plainly enraged.",
    "2017 - 153": "A Flatiron district artificial intelligence start-up was recently looking to expand, adding new engineers who happened to know a niche computer language.",
    "2017 - 154": "This is the text of the keynote speech delivered on receipt of an honorary doctorate at Yeshiva University\u2019s annual Hanukkah dinner in New York on Sunday."
}