{
    "2018 - 61": "Fleeing Honduras, only to find violence at a border crossing.",
    "2018 - 64": "President Trump has a well-documented problem telling the truth.",
    "2018 - 72": "Has any other word in 2018 been as responsible for so much as \u201ccaravan\u201d?",
    "2018 - 75": "[What you need to know to start the day: Get New York Today in your inbox.]",
    "2018 - 86": "MEXICO CITY \u2014 Mexico\u2019s new government has a strategy for dealing with President Trump.",
    "2018 - 87": "Please sign up here to have the Race/Related newsletter delivered weekly to your inbox.",
    "2018 - 99": "SYDNEY, Australia \u2014 The Facebook group was supposed to be a fun distraction from high school exams.",
    "2018 - 112": "Listen and subscribe to our podcast from your mobile device: Via Apple Podcasts | Via RadioPublic | Via Stitcher",
    "2018 - 114": "This article is part of the Opinion Today newsletter. You can sign up here to receive the newsletter each weekday."
}