{
    "2011 - 6": "Dublin",
    "2011 - 12": "Canton, N.Y.",
    "2011 - 13": "BUENOS AIRES ",
    "2011 - 21": "11:42 a.m. | Updated ",
    "2011 - 23": "From the editorial page",
    "2011 - 30": "Opens on Friday in Manhattan. ",
    "2011 - 62": "Did Newt Gingrich have a \u201cheartless\u201d moment on Tuesday night? ",
    "2011 - 78": "Immigration is a subject that brings out the best and the worst in Americans. ",
    "2011 - 92": "That New York\u2019s strip clubs have been inhabited by entrepreneurial mobsters is nothing new. ",
    "2011 - 100": "A heated discussion on immigration took place during Tuesday night\u2019s Republican presidential debate.",
    "2011 - 125": "It\u2019s early yet for a full accounting of the economic damage Alabama has done to itself with its radical new immigration law. ",
    "2011 - 132": "In a Wednesday night league held on Roosevelt Island, the sidelines are clearly marked, but the games are very much without borders.",
    "2011 - 145": "ATLANTA \u2014 A federal judge on Thursday blocked the most controversial parts of South Carolina\u2019s new immigration law from taking effect next month.",
    "2011 - 147": "They are often poorly prepared or make incoherent arguments in court. Some fail to present key evidence or witnesses. Others simply do not show up."
}