{
    "2007 - 14": "BREWSTER, N.Y.",
    "2007 - 15": "PRINCETON, N.J.",
    "2007 - 72": "The nation certainly sounds as if it\u2019s in an angry place on immigration.",
    "2007 - 81": "Let the witch hunt begin. Are you now or have you ever been an illegal immigrant?",
    "2007 - 85": "PASADENA, Tex. \u0097 Joe Horn\u2019s home was his castle, but what about his neighbor\u2019s home? ",
    "2007 - 93": "So was New York a \u201csanctuary city\u201d for illegal immigrants when Rudolph W. Giuliani was mayor?",
    "2007 - 103": "In June, Augustus Massalee, 21, returned to his home in Staten Island after four years away in Liberia.",
    "2007 - 109": "JUAN G\u00d3MEZ, Dominican Republic \u0097 The scrap-wood shanties on a muddy hillside are a poor man\u2019s promised land. ",
    "2007 - 112": "SULAIMANIYA, Iraq \u0097 The tiny Filipino woman\u2019s hands trembled. She was in hiding, fearing capture at any moment. ",
    "2007 - 125": "Federal immigration agents were searching a house in Ohio last month when they found a young Honduran woman nursing her baby.",
    "2007 - 129": "Some Kurds say they were pushed to move back to Kirkuk to ensure a high turnout for a referendum whose deadline is about to pass.",
    "2007 - 137": "The assassin\u2019s name was Panther. He had a stocky 5-foot 8-inch frame. Though he was only 26, a look of hatred was encrusted on his face. ",
    "2007 - 140": "Though accused of immigration violations, the men who were arrested in a raid in Greenport, N.Y., were known as good workers and family men.",
    "2007 - 150": "Late last month, a federal judge in Canada ruled that the United States had violated international conventions on torture and the rights of refugees. ",
    "2007 - 158": "BAGHDAD \u0097 The widow Hashim crossed the border into Iraq from Syria at dusk last month, heading homeward as the sun set behind her and the sky ahead grew dark."
}