{
    "2019 - 59": "This article has been updated to reflect news developments.",
    "2019 - 70": "Five short documentaries follow the immigrants who make America great.",
    "2019 - 72": "[Read more on the Supreme Court\u2019s decision on President Trump and DACA.]",
    "2019 - 82": "This article is copublished with ProPublica, the nonprofit investigative newsroom.",
    "2019 - 112": "Listen and subscribe to our podcast from your mobile device: Via Apple Podcasts | Via RadioPublic | Via Stitcher",
    "2019 - 113": "These junkyards and repair shops in Queens, long a haven and a vital source of jobs, are facing their final days.",
    "2019 - 122": "A former asylum officer says \u201cremain in Mexico\u201d and other policies undermining asylum aren\u2019t just racist, they\u2019re illegal.",
    "2019 - 125": "Hand-clapping games are played in schoolyards everywhere, in every language. Eventually they find their way to New York City.",
    "2019 - 129": "Times Insider explains who we are and what we do, and delivers behind-the-scenes insights into how our journalism comes together.",
    "2019 - 135": "SHIREBROOK, England \u2014 There used to be a mine at the edge of this small town near the center of England. Now there is only a warehouse.",
    "2019 - 146": "[Race affects our lives in countless ways. To read more provocative stories on race from The Times, sign up for our Race/Related newsletter here.]",
    "2019 - 155": "KINGSTON, N.Y. \u2014 More than 40 years after buying Eng\u2019s, a Chinese-American restaurant in the Hudson Valley, Tom Sit is reluctantly considering retirement. "
}