{
    "2021 - 46": "It has all the makings of a Cold War thriller.",
    "2021 - 50": "BRIGHT STARWritten and illustrated by Yuyi Morales",
    "2021 - 72": "In September 1994, the United States was on the verge of invading Haiti.",
    "2021 - 76": "Follow our live coverage of the migrant crisis at the Belarus-Poland border.",
    "2021 - 81": "[Follow our live coverage of Secretary of State Antony Blinken\u2019s trip to Africa.]",
    "2021 - 83": "The focus was on the migrant standoff at the country\u2019s eastern border with Belarus.",
    "2021 - 97": "The new coronavirus variant, first discovered in southern Africa, is showing up across the world.",
    "2021 - 106": "To hear more audio stories from publications like The New York Times, download Audm for iPhone or Android.",
    "2021 - 107": "With a new policy, Gov. Greg Abbott has tried to bring state and local police into immigration enforcement.",
    "2021 - 117": "The Daily strives to reveal a new idea in every episode. Below, we go deeper on one of those from our show this week.",
    "2021 - 118": "In March 2020, \u201cSelling Kabul\u201d was just two weeks from starting previews when the theater industry suddenly went dark.",
    "2021 - 133": "This weekend, listen to a collection of narrated articles from around The New York Times, read aloud by the reporters who wrote them."
}