{
    "2010 - 10": "Washington",
    "2010 - 13": "Teaneck, N.J.",
    "2010 - 18": "Summerland, Calif.",
    "2010 - 43": "Updated | 3/4/13 with new details in chart.",
    "2010 - 72": "SAN FRANCISCO \u0097 Same-sex marriage is legal again in California. Sort of.",
    "2010 - 98": "Roger Sterling, the character played by John Slattery on \u201cMad Men,\u201d is no poster boy for marriage.",
    "2010 - 107": "Joanne Pedersen tried to add her spouse to her federal health insurance on Monday. She was rejected. Again.",
    "2010 - 111": "The movement to equalize health benefits among gay employees with domestic partners continues to pick up speed.",
    "2010 - 119": "Support for gay marriage has risen to 45 percent or more, according to national polls. Below, estimates for each state.",
    "2010 - 124": "For four days last week, the small beige Covenant Presbyterian Church on the outskirts of Napa was turned into a courtroom. ",
    "2010 - 126": "Amy Sullivan, left, of Time and Jeff Sharlet of Harper's debate whether advocates for gay marriage should engage the faithful.",
    "2010 - 144": "A majority of Americans now say their definition of family includes same-sex couples with children, as well as married gay and lesbian couples. ",
    "2010 - 156": "At the Manhattan Marriage Bureau, a lesbian couple experiences the new individual commitment ceremony offered to those registering for domestic partnership."
}