{
    "2012 - 0": "",
    "2012 - 8": "SEATTLE ",
    "2012 - 11": "Minneapolis",
    "2012 - 12": "JOHANNESBURG",
    "2012 - 14": "Dear Diary:\u00a0\u00a0\u00a0",
    "2012 - 15": "MARSHFIELD, Me.",
    "2012 - 16": "Cambridge, Mass.",
    "2012 - 17": "Cape Neddick, Me.",
    "2012 - 21": "Updated | 11:15 a.m. ",
    "2012 - 29": "Opens on Friday in Manhattan.",
    "2012 - 35": "NEW YORK \u2014 Get out of our bedrooms.",
    "2012 - 57": "KATE VAL and Gleb Bukin fell in love quickly and deeply. ",
    "2012 - 62": "WASHINGTON \u2014 Life moves fast these days, and so does the law. ",
    "2012 - 75": "Updated 8:03 a.m. / To add information about legal marriages in California."
}