{
    "2021 - 58": "OUT ON A LIMBSelected Writing, 1989-2021By Andrew Sullivan",
    "2021 - 131": "STUTTGART, Germany \u2014 The small silver star at the tip of Aleksandar Djordjevic\u2019s Mercedes shines bright. He polishes it every week.",
    "2021 - 137": "James C. Hormel, the first openly gay person to represent the United States as an ambassador, died on Friday in San Francisco. He was 88.",
    "2021 - 138": "Matthew LaBanca said he held two titles while working for the Roman Catholic Diocese of Brooklyn: music teacher and parish music director.",
    "2021 - 155": "Surviving members of same-sex couples who weren\u2019t able to marry because it wasn\u2019t yet legal may now be eligible for survivor benefits from Social Security.",
    "2021 - 157": "ZURICH \u2014 Voters in Switzerland overwhelmingly decided on Sunday to legalize same-sex marriage, making the country one of the last in Western Europe to do so.",
    "2021 - 180": "Gov. Jared Polis of Colorado married his longtime partner, Marlon Reis, in a traditional Jewish ceremony on Wednesday, the first time a sitting governor has had a same-sex wedding.",
    "2021 - 193": "Representative Liz Cheney, Republican of Wyoming, said in an interview on CBS\u2019s \u201c60 Minutes\u201d on Sunday night that she was \u201cwrong\u201d to oppose same-sex marriage, reversing a longstanding position.",
    "2021 - 197": "Before Eva Goodwin and her wife became parents, it was Ms. Goodwin who was mainly responsible for the thinking, planning and problem-solving that would prevent their home from devolving into chaos.",
    "2021 - 207": "The first time Seimone Augustus realized what she was capable of wasn\u2019t when, as a 14-year-old, she landed on the cover of Sports Illustrated for Women next to the question, \u201cIs She the Next Michael Jordan?\u201d",
    "2021 - 220": "SANTIAGO, Chile \u2014 Lawmakers in Chile on Tuesday legalized same-sex marriage, a landmark victory for gay rights activists that underscores how profoundly the country\u2019s politics and society have shifted in the past decade.",
    "2021 - 289": "John Shelby Spong, a charismatic Episcopal bishop who pushed his followers to accept women and L.G.B.T.Q. clergy, and who later called on them to reject sacrosanct ideas like Jesus\u2019 virgin birth and the existence of heaven and hell, died on Sept. 12 at his home in Richmond, Va. He was 90.",
    "2021 - 305": "Gov. Jared Polis of Colorado gets one question a lot about his Sept. 15 wedding to Marlon Reis. \u201cPeople say, \u2018You know, it took you a while to get married,\u2019\u201d Mr. Polis, a Democrat, said. \u201cBut what\u2019s important to remember is that Obergefell v. Hodges wasn\u2019t until 2015. So we really only waited six years.\u201d",
    "2021 - 311": "You can draw a straight line from the \u201cwar on terror\u201d to the Jan. 6 attack on the Capitol, from the state of exception that gave us mass surveillance, indefinite detention, extraordinary rendition and \u201cenhanced interrogation\u201d to the insurrectionist conviction that the only way to save America is to subvert it.",
    "2021 - 330": "The world is on fire. That\u2019s no exaggeration, as The Times Opinion section\u2019s recent canvass of the effects of climate change around the globe demonstrated. We are speeding \u2014 or should I say sizzling? \u2014 toward disaster. That prospect has instilled a kind of existential dread in the globe\u2019s younger denizens, and understandably so."
}