{
    "2021 - 0": "",
    "2021 - 50": "Anjanette Young never wanted you to see the video.",
    "2021 - 56": "Follow our live Kyle Rittenhouse trial verdict coverage.",
    "2021 - 61": "This episode contains strong language and scenes of violence.",
    "2021 - 65": "(Want to get this newsletter in your inbox? Here\u2019s the sign-up.) ",
    "2021 - 69": "[Follow live updates on the crisis at the Poland and Belarus border.]",
    "2021 - 86": "I drove to Alabama and met one of my colleagues, Donovan Thomas. Here\u2019s what happened.",
    "2021 - 90": "Follow our coverage of Kim Potter\u2019s sentencing for manslaughter in death of Daunte Wright.",
    "2021 - 95": "American history is, in many ways, a story of grand protests. They generally come in two types.",
    "2021 - 111": "My colleagues and I have been investigating experts who help exonerate police officers after deaths in custody."
}