{
    "2020 - 0": "",
    "2020 - 21": "We\u2019ve all been there.",
    "2020 - 53": "[Follow our live analysis of the Biden inauguration.]",
    "2020 - 59": " [Want to get New York Today by email? Here\u2019s the sign-up.]",
    "2020 - 69": "[Update: Police Reveal New Details About Episode That Left Four Dead]",
    "2020 - 72": "[Read more on Rusten Sheskey not being charged in Jacob Blake shooting.]",
    "2020 - 74": "LOUISVILLE, Ky. \u2014 By anybody\u2019s estimation, Yvette Gentry inherited a mess.",
    "2020 - 92": "This article is part of the On Tech newsletter. You can sign up here to receive it weekdays.",
    "2020 - 93": "People shared her name and image in grief and solidarity, but why didn\u2019t it feel like enough?",
    "2020 - 106": "[As he prepares to assume the presidency, Biden confronts the ultimate test of his approach to governing.]",
    "2020 - 114": "PARIS \u2014 Without the video, Michel Zecler believes his case would have been reduced, at most, to a brief news item.",
    "2020 - 129": "Marco and Dillon Puente, a father and son, say that living in the city of Keller, Texas, often means looking over their shoulder.",
    "2020 - 136": "Four years ago, when Donald Trump first ran for president, he urged Black people to support him, asking us, \u201cWhat have you got to lose?\u201d"
}