{
    "2004 - 19": "Correction Appended",
    "2004 - 37": "The 'N.Y.P.D. Nude' Enjoys Work Again",
    "2004 - 38": "A Labor Leader, Off Duty and Liking It",
    "2004 - 42": "After Years of Prison, An Unwavering Claim",
    "2004 - 53": "After Killing by Police, a Family's Raw Wounds Endure",
    "2004 - 124": "The Republicans left town before Labor Day, and most of those who came to protest them and were arrested have been released.",
    "2004 - 128": "A Brooklyn man was shot and killed by an off-duty police officer last night in what appeared to be an accident, the police said.",
    "2004 - 154": "A judge rejected a request yesterday by a man convicted of murdering his parents to remove the Suffolk County district attorney from a review of his case.",
    "2004 - 170": "The Justice Department has begun to study Tasers, the electric guns that are increasingly popular with police departments, in the face of new questions over their safety.",
    "2004 - 182": "An off-duty police captain confronted a group of rampaging teenagers Friday night on Staten Island and shot an unarmed 15-year-old boy during a chase, the authorities said yesterday.",
    "2004 - 191": "JERUSALEM, Sept. 27 - Seven Palestinians were killed in scattered violence on Monday that included an Israeli airstrike in the Gaza Strip and a raid by soldiers into a West Bank refugee camp.",
    "2004 - 193": "WASHINGTON, Nov. 1 - The Supreme Court agreed Monday to decide an important case about the rights of those who turn to the police for protection against a violent family member or acquaintance.",
    "2004 - 194": "LOS ANGELES, Sept. 18 - He is still recognizable, though he has walked with a limp since he lost control of his car last year, crashed into a house at 100 miles an hour and shattered his pelvis."
}