{
    "2018 - 54": "In Chicago, our mayors stay in office for a long time.",
    "2018 - 59": " [Want to get New York Today by email? Here's the sign-up.]",
    "2018 - 73": "In my old neighborhood, you can hear the swings when the wind is blowing.",
    "2018 - 75": "[What you need to know to start the day: Get New York Today in your inbox.]",
    "2018 - 76": "[What you need to know to start your day: Get New York Today in your inbox.]",
    "2018 - 79": "NEW ORLEANS \u2014 The N.B.A. has earned a term that its commissioner had not heard.",
    "2018 - 80": "ALPHARETTA, Ga. \u2014 An air of solemnity hangs over Lucy McBath\u2019s bid for Congress.",
    "2018 - 83": "A year ago, it would have been a bold fashion statement. Now, it\u2019s a political one.",
    "2018 - 87": "Please sign up here to have the Race/Related newsletter delivered weekly to your inbox.",
    "2018 - 88": "[Update: It was a sweeping and complex criminal enterprise, prosecutors say. Read more.]",
    "2018 - 103": "LAREDO, Tex. \u2014 No one in Claudine Anne Luera\u2019s family knows when she first met the Border Patrol agent."
}