{
    "2019 - 44": "I remember the first time I encountered God.",
    "2019 - 51": "Louis Eppolito was practically born into the Mafia.",
    "2019 - 52": "BUSTED IN NEW YORKAnd Other EssaysBy Darryl Pinckney",
    "2019 - 54": "Donald Trump at Benedict College was beneath contempt.",
    "2019 - 59": " [Want to get New York Today by email? Here\u2019s the sign-up.]",
    "2019 - 71": "This essay includes spoilers for the sixth episode of HBO\u2019s \u201cWatchmen.\u201d",
    "2019 - 79": "There\u200c are\u200c \u200csome\u200c \u200ccrimes\u200c \u200cthat\u200c \u200care\u200c almost\u200c \u200cimpossible\u200c \u200cto\u200c \u200cforget. \u200c \u200c",
    "2019 - 82": "It started with a duffel bag containing sex toys, cigars and a pornographic film. ",
    "2019 - 86": "A Los Angeles police officer was placed under investigation, a police spokesman said. ",
    "2019 - 89": "He lost his daughter to a fatal police shooting almost a month ago. Now, he\u2019s gone, too. ",
    "2019 - 102": "This article is part of David Leonhardt\u2019s newsletter. You can sign up here to receive it each weekday.",
    "2019 - 122": "NEW DELHI \u2014 One of India\u2019s most troubling rape cases of recent months was brought to a sudden and shocking end on Friday. ",
    "2019 - 142": "SANTIAGO, Chile \u2014 The brutality of the Chilean police\u2019s response to the country\u2019s unrest  is leading to sweeping calls for the force\u2019s reform.",
    "2019 - 143": "It was barely Thursday when someone in the Bridgeport neighborhood of Chicago called 911 to report a person asleep in an S.U.V. at a stop sign.",
    "2019 - 145": "This article is part of Overlooked, a series of obituaries about remarkable people whose deaths, beginning in 1851, went unreported in The Times."
}