{
    "2012 - 9": "New Haven",
    "2012 - 11": "LOS ANGELES",
    "2012 - 13": "San Francisco",
    "2012 - 15": "PRESCOTT, Ariz.",
    "2012 - 20": "8:49 p.m. | Updated ",
    "2012 - 31": "Damon Winter/The New York Times",
    "2012 - 55": "SEATTLE \u2014 Stoner humor just got a lot more complicated.",
    "2012 - 102": "An Op-Doc profiles Chris Williams, a medical marijuana grower in Montana who now faces life in prison.",
    "2012 - 105": "\u201cToo High to Fail\u201d is a good rebuttal to those who say stoners never accomplish anything \u2014 Doug Fine did.",
    "2012 - 110": "MONTCLAIR, N.J. \u2014 They skulked in and out like criminals, shoulders hunched, heads down, declining to comment.",
    "2012 - 120": "It is said that older people like to enumerate their various health woes, and apparently aging Yippies are no different.",
    "2012 - 124": "SPEAKEASY-STYLE bars with secret entrances and Prohibition themes may be popular, but their illegality is only an illusion. ",
    "2012 - 140": "Canarsie, Brooklyn, 5:30 a.m. Thursday. A tip to the police: buckets of marijuana in a U.P.S. truck on Farragut Road and East 104th Street. ",
    "2012 - 153": "Here\u2019s a thought for a tax increase that might at least break some of the tension in the room between President Obama and John Boehner: a marijuana tax. ",
    "2012 - 156": "GOLDEN, Colo. \u2014 It has been a little over a month since Coloradans approved a groundbreaking law legalizing small amounts of marijuana for recreational use."
}