{
    "2011 - 14": "To the Editor:",
    "2011 - 17": "Not my children. ",
    "2011 - 44": "Night court in Manhattan, Monday, 7:30 p.m. ",
    "2011 - 63": "This week, a question: How many marijuana arrests are too many?",
    "2011 - 94": "Is marijuana safe and effective for medical purposes? Readers debate the science and politics.",
    "2011 - 123": "A Gallup poll released Monday finds that 50 percent of Americans support legalizing marijuana while 46 percent are opposed.",
    "2011 - 130": "Orange County and Beverly Hills have \u201cThe Real Housewives.\u201d The San Francisco Giants had \u201cThe Franchise\u201d on Showtime last summer. ",
    "2011 - 137": "PHOENIX \u2014 Marijuana is known to cause red eyes, gales of laughter and the munchies. In Arizona, add another side effect: utter confusion.",
    "2011 - 143": "WHEN my mother-in-law was in the final, harrowing throes of pancreatic cancer, she had only one good day, and that was the day she smoked pot. ",
    "2011 - 147": "Operators of legal medical marijuana dispensaries in California are nervous in the face of stepped-up federal government efforts to shut them down.",
    "2011 - 169": "There is no good reason to deprive patients with cancer or H.I.V. or Lou Gehrig\u2019s disease of the relief from pain or extreme nausea that could come from using marijuana."
}