{
    "2019 - 16": "Kush. Bud. Herb.",
    "2019 - 38": "Smoking pot cost Kimberly Cue her job.",
    "2019 - 59": " [Want to get New York Today by email? Here\u2019s the sign-up.]",
    "2019 - 67": "[Sign up for our daily newsletter about news from California here.]",
    "2019 - 69": "\u201cYou\u2019re doing all the right things, everything is going to work out.\u201d",
    "2019 - 75": "[What you need to know to start the day: Get New York Today in your inbox.]",
    "2019 - 85": "At their best, they were clever and unscripted. A timely comeback. A witty one-liner.",
    "2019 - 88": "Neil Young had a certain birthday present in mind this year: United States citizenship. ",
    "2019 - 102": "Thousands of people have been sickened by lung illnesses linked to vaping, most by using THC products.",
    "2019 - 103": "The idea that legal cannabis can help address the opioid crisis has generated much hope and enthusiasm.",
    "2019 - 108": "This article is part of the Debatable newsletter. You can sign up here to receive it Tuesdays and Thursdays.",
    "2019 - 133": "A California court has ruled that prison inmates are legally allowed to possess marijuana, but that they are not permitted to use it."
}