{
    "2018 - 12": "Dear Canada:",
    "2018 - 14": "To the Editor:",
    "2018 - 30": "Let\u2019s talk about getting high.",
    "2018 - 46": "New York is getting closer to legal marijuana.",
    "2018 - 47": "Test your knowledge of this week\u2019s health news.",
    "2018 - 59": "AUSTIN, Tex. \u2014 My name is Neal, and I\u2019m a marijuana addict.",
    "2018 - 60": "Listen and subscribe to our podcast from your mobile device:",
    "2018 - 65": "Good Friday. Want this in your inbox every morning? Sign up here.",
    "2018 - 75": "[What you need to know to start the day: Get New York Today in your inbox.]",
    "2018 - 76": "Marijuana is more widely available than ever, but what does it do to babies?"
}